{"cameraMode":{"drawMode":0,"name":"Shaded","section":"Shading Mode"},"sceneLighting":false,"audioPlay":false,"sceneViewState":{"showFog":false,"showMaterialUpdate":false,"showSkybox":false,"showFlares":false,"showImageEffects":false,"showParticleSystems":false},"in2DMode":false,"pivot":{"x":4.658320426940918,"y":-5.346106052398682,"z":-2.333109140396118},"rotation":{"x":0.20008485019207,"y":0.7950201034545898,"z":-0.35247254371643069,"w":0.45130062103271487},"size":16.618511199951173,"orthographic":false}